{"timestamp": 1774101448.818757, "data": {"fed_funds_rate": 3.64, "fed_funds_rate_change": 0.0, "cpi_yoy": 2.66, "cpi_yoy_change": -0.16999999999999993, "unemployment": 4.4, "unemployment_change": 0.10000000000000053, "yield_spread_10y2y": 0.51, "yield_spread_10y2y_change": 0.04999999999999999, "vix": 24.06, "vix_change": -1.0300000000000011, "dxy": 120.5518, "dxy_change": 0.7291000000000025, "rate_hike_regime": 0.0, "inflation_high": 0.0, "recession_signal": 0.0, "high_fear": 0.0, "dollar_strong": 1.0}}