{"timestamp": 1777883340.5644522, "data": {"fed_funds_rate": 3.64, "fed_funds_rate_change": 0.0, "cpi_yoy": 3.32, "cpi_yoy_change": 0.6599999999999997, "unemployment": 4.3, "unemployment_change": -0.10000000000000053, "yield_spread_10y2y": 0.51, "yield_spread_10y2y_change": -0.010000000000000009, "vix": 16.89, "vix_change": -1.9199999999999982, "dxy": 118.7294, "dxy_change": 0.013899999999992474, "rate_hike_regime": 0.0, "inflation_high": 0.0, "recession_signal": 0.0, "high_fear": 0.0, "dollar_strong": 1.0}}